{
    "$id":          "https://mavlink.io/comp_version.schema.json",
    "$schema":      "http://json-schema.org/draft-07/schema",
    "description":  "Schema for COMP_METADATA_TYPE_VERSION",
    "type":         "object",

    "properties": {
        "version": {
            "description":  "Version number for the format of this file.",
            "type":         "integer",
            "minimum":      1
        },
        "vendorName": {
            "type":         "string",
            "description":  "Name of the component vendor."
        },
        "modelName": {
            "type":         "string",
            "description":  "Name of the component model."
            },
        "firmwareVersion": {
            "type":         "string",
            "pattern":      "^\\d+\\.\\d+\\.\\d+(\\.\\d+)?$",
            "description":  "major.minor.patch.dev format"
        },
        "hardwareVersion": {
            "type":         "string",
            "pattern":      "^\\d+\\.\\d+\\.\\d+(\\.\\d+)?$",
            "description":  "major.minor.patch.dev format"
        },
        "supportedCompMetadataTypes": {
            "type":         "array",
            "description":  "Which `COMP_METADATA_TYPE` specs are supported.",
            "items": {
                "type": "integer"
            }
        }
    },
    "required":             [ "version", "supportedCompMetadataTypes" ],
    "additionalProperties": false
}
